Date,Weekly_Sales,Predicted_Sales
2012-05-04,47124197.93,4.618219e+07
2012-05-11,46925878.99,4.604066e+07
2012-05-18,46823939.22,4.5119212e+07
2012-05-25,47892463.31,4.5691776e+07
2012-06-01,48281649.72,4.8669324e+07
2012-06-08,49651171.78,4.8058724e+07
2012-06-15,48412110.7,4.7868624e+07
2012-06-22,47668284.97,4.7042084e+07
2012-06-29,46597112.12,4.8158332e+07
2012-07-06,51253021.88,4.7907324e+07
2012-07-13,46099732.1,4.65235e+07
2012-07-20,46059543.45,4.6037896e+07
2012-07-27,44097154.97,4.4889708e+07
2012-08-03,47485899.56,4.7580948e+07
2012-08-10,47403451.04,4.7238828e+07
2012-08-17,47354452.05,4.759157e+07
2012-08-24,47447323.6,4.7893572e+07
2012-08-31,47159639.43,4.6605024e+07
2012-09-07,48330059.31,4.796659e+07
2012-09-14,44226038.65,4.53323e+07
2012-09-21,44354547.11,4.377193e+07
2012-09-28,43734899.4,4.3301268e+07
2012-10-05,47566639.31,4.8330948e+07
2012-10-12,46128514.25,4.5660416e+07
2012-10-19,45122410.57,4.7322268e+07
2012-10-26,45544116.29,4.7259996e+07
