Date,Store,Weekly_Sales,Predicted_Sales
2012-05-04,1,1684519.99,1.6172676e+06
2012-05-11,1,1611096.05,1.6609448e+06
2012-05-18,1,1595901.87,1.5102528e+06
2012-05-25,1,1555444.55,1.5252188e+06
2012-06-01,1,1624477.58,1.6511552e+06
2012-06-08,1,1697230.96,1.6040701e+06
2012-06-15,1,1630607.0,1.5678585e+06
2012-06-22,1,1527845.81,1.5137265e+06
2012-06-29,1,1540421.49,1.5616835e+06
2012-07-06,1,1769854.16,1.5966215e+06
2012-07-13,1,1527014.04,1.5428145e+06
2012-07-20,1,1497954.76,1.4691232e+06
2012-07-27,1,1439123.71,1.4280224e+06
2012-08-03,1,1631135.79,1.6119086e+06
2012-08-10,1,1592409.97,1.5927731e+06
2012-08-17,1,1597868.05,1.5758405e+06
2012-08-24,1,1494122.38,1.5126196e+06
2012-08-31,1,1582083.4,1.5919589e+06
2012-09-07,1,1661767.33,1.5706204e+06
2012-09-14,1,1517428.87,1.5366665e+06
2012-09-21,1,1506126.06,1.4329796e+06
2012-09-28,1,1437059.26,1.4654055e+06
2012-10-05,1,1670785.97,1.7020392e+06
2012-10-12,1,1573072.81,1.5713114e+06
2012-10-19,1,1508068.77,1.5912895e+06
2012-10-26,1,1493659.74,1.5314844e+06
2012-05-04,2,1923957.09,1.8381415e+06
2012-05-11,2,1917520.99,1.890392e+06
2012-05-18,2,2000940.67,1.7618985e+06
2012-05-25,2,1912791.09,1.8637485e+06
2012-06-01,2,1910092.37,1.9503639e+06
2012-06-08,2,2010216.49,1.9480455e+06
2012-06-15,2,1962924.3,1.952076e+06
2012-06-22,2,1887733.21,1.881572e+06
2012-06-29,2,1881046.12,1.940845e+06
2012-07-06,2,2041507.4,1.8992156e+06
2012-07-13,2,1830075.13,1.8786288e+06
2012-07-20,2,1819666.46,1.7917444e+06
2012-07-27,2,1757923.88,1.7512015e+06
2012-08-03,2,1946104.64,1.8997086e+06
2012-08-10,2,1866719.96,1.9194058e+06
2012-08-17,2,1928016.01,1.8953954e+06
2012-08-24,2,1876788.15,1.899004e+06
2012-08-31,2,1947083.3,1.8953452e+06
2012-09-07,2,1898777.07,1.825289e+06
2012-09-14,2,1814806.63,1.8059428e+06
2012-09-21,2,1829415.67,1.7164688e+06
2012-09-28,2,1746470.56,1.698196e+06
2012-10-05,2,1998321.04,1.8813388e+06
2012-10-12,2,1900745.13,1.7579884e+06
2012-10-19,2,1847990.41,1.9315335e+06
2012-10-26,2,1834458.35,1.8021554e+06
2012-05-04,3,439913.57,430513.25
2012-05-11,3,431985.36,425791.4
2012-05-18,3,418112.76,410333.8
2012-05-25,3,413701.29,410745.9
2012-06-01,3,432268.53,424997.16
2012-06-08,3,446336.8,428364.97
2012-06-15,3,442074.79,427247.0
2012-06-22,3,419497.95,424737.16
2012-06-29,3,422965.33,413670.2
2012-07-06,3,411206.5,424837.53
2012-07-13,3,416913.1,407940.25
2012-07-20,3,432424.85,410068.9
2012-07-27,3,389427.9,412029.38
2012-08-03,3,419990.29,429111.6
2012-08-10,3,391811.6,427762.53
2012-08-17,3,394918.83,416379.53
2012-08-24,3,412449.67,409729.97
2012-08-31,3,408838.73,426738.53
2012-09-07,3,408229.73,422189.7
2012-09-14,3,407589.16,420884.1
2012-09-21,3,414392.09,415447.4
2012-09-28,3,389813.02,412339.28
2012-10-05,3,443557.65,432447.03
2012-10-12,3,410804.39,413650.88
2012-10-19,3,424513.08,443859.44
2012-10-26,3,405432.7,446311.84
2012-05-04,4,2196968.33,2.1181408e+06
2012-05-11,4,2127661.17,2.1349238e+06
2012-05-18,4,2207214.81,2.1758628e+06
2012-05-25,4,2154137.67,2.0723179e+06
2012-06-01,4,2179360.94,2.189827e+06
2012-06-08,4,2245257.18,2.1862128e+06
2012-06-15,4,2234190.93,2.224938e+06
2012-06-22,4,2197299.65,2.179763e+06
2012-06-29,4,2128362.92,2.1803675e+06
2012-07-06,4,2224499.28,2.1934215e+06
2012-07-13,4,2100252.61,2.1551745e+06
2012-07-20,4,2175563.69,2.170586e+06
2012-07-27,4,2048613.65,2.1078065e+06
2012-08-03,4,2174514.13,2.2295025e+06
2012-08-10,4,2193367.69,2.228183e+06
2012-08-17,4,2283540.3,2.265713e+06
2012-08-24,4,2125241.68,2.1244138e+06
2012-08-31,4,2081181.35,2.2066848e+06
2012-09-07,4,2125104.72,2.2250262e+06
2012-09-14,4,2117854.6,2.1887585e+06
2012-09-21,4,2119438.53,2.1781442e+06
2012-09-28,4,2027620.23,2.0911748e+06
2012-10-05,4,2209835.43,2.2453852e+06
2012-10-12,4,2133026.07,2.1730685e+06
2012-10-19,4,2097266.85,2.2627738e+06
2012-10-26,4,2149594.46,2.245182e+06
2012-05-04,5,360932.69,335580.16
2012-05-11,5,333870.52,331418.3
2012-05-18,5,336189.66,332770.0
2012-05-25,5,341994.48,319935.28
2012-06-01,5,359867.8,339912.47
2012-06-08,5,341704.59,335311.56
2012-06-15,5,327383.64,336186.03
2012-06-22,5,325041.68,327120.28
2012-06-29,5,329658.1,337018.8
2012-07-06,5,341214.43,333081.2
2012-07-13,5,316203.64,317171.97
2012-07-20,5,321205.12,314439.06
2012-07-27,5,306827.36,312384.3
2012-08-03,5,324195.17,331969.2
2012-08-10,5,306759.7,328484.16
2012-08-17,5,314014.18,326130.62
2012-08-24,5,320831.36,331791.06
2012-08-31,5,344642.01,336494.88
2012-09-07,5,350648.91,334778.88
2012-09-14,5,299800.67,323336.06
2012-09-21,5,307306.76,321867.5
2012-09-28,5,310141.68,319150.6
2012-10-05,5,343048.29,343769.9
2012-10-12,5,325345.41,325328.5
2012-10-19,5,313358.15,334715.84
2012-10-26,5,319550.77,345964.12
2012-05-04,6,1543461.12,1.4993488e+06
2012-05-11,6,1517075.67,1.4687474e+06
2012-05-18,6,1513635.64,1.4428485e+06
2012-05-25,6,1603793.42,1.5121044e+06
2012-06-01,6,1681121.38,1.6720715e+06
2012-06-08,6,1696619.52,1.5821474e+06
2012-06-15,6,1642247.48,1.6233102e+06
2012-06-22,6,1618272.25,1.5720594e+06
2012-06-29,6,1648863.46,1.6779429e+06
2012-07-06,6,1876359.39,1.6560244e+06
2012-07-13,6,1588142.26,1.5692848e+06
2012-07-20,6,1574361.97,1.5456135e+06
2012-07-27,6,1513229.16,1.5358514e+06
2012-08-03,6,1627274.93,1.6256072e+06
2012-08-10,6,1588380.73,1.5732359e+06
2012-08-17,6,1543049.52,1.5660055e+06
2012-08-24,6,1501095.49,1.4991895e+06
2012-08-31,6,1577439.81,1.5595051e+06
2012-09-07,6,1608077.01,1.5613705e+06
2012-09-14,6,1375166.86,1.4630665e+06
2012-09-21,6,1425603.65,1.383908e+06
2012-09-28,6,1369131.46,1.3884651e+06
2012-10-05,6,1518177.71,1.5947699e+06
2012-10-12,6,1459396.84,1.4410996e+06
2012-10-19,6,1436883.99,1.4796875e+06
2012-10-26,6,1431426.34,1.5161175e+06
2012-05-04,7,465198.89,465207.1
2012-05-11,7,460397.41,458484.56
2012-05-18,7,468428.3,457650.8
2012-05-25,7,532739.77,478422.4
2012-06-01,7,598495.02,587384.06
2012-06-08,7,642963.75,630025.25
2012-06-15,7,666942.02,630906.4
2012-06-22,7,687344.68,654575.06
2012-06-29,7,704335.41,703852.3
2012-07-06,7,805642.61,746904.8
2012-07-13,7,694150.89,694506.5
2012-07-20,7,686345.69,698736.9
2012-07-27,7,686365.4,673228.9
2012-08-03,7,680954.81,694901.25
2012-08-10,7,675926.3,687066.75
2012-08-17,7,642450.4,677711.44
2012-08-24,7,609099.37,660527.5
2012-08-31,7,586467.16,629601.44
2012-09-07,7,597876.55,645627.56
2012-09-14,7,541120.2,589838.2
2012-09-21,7,530842.25,553560.75
2012-09-28,7,525545.76,527979.6
2012-10-05,7,505830.56,563516.94
2012-10-12,7,503463.93,530151.5
2012-10-19,7,516424.83,596652.06
2012-10-26,7,495543.28,576034.0
2012-05-04,8,937232.09,928428.56
2012-05-11,8,920128.89,915601.6
2012-05-18,8,913922.01,868708.0
2012-05-25,8,895157.44,892304.2
2012-06-01,8,921161.2,932323.44
2012-06-08,8,928820.0,904962.5
2012-06-15,8,916918.7,926098.2
2012-06-22,8,899449.65,891251.25
2012-06-29,8,878298.22,894013.5
2012-07-06,8,936205.5,881262.94
2012-07-13,8,890488.01,879117.75
2012-07-20,8,888834.07,857500.25
2012-07-27,8,838227.52,854019.25
2012-08-03,8,897076.73,900158.9
2012-08-10,8,930745.69,886251.94
2012-08-17,8,896613.19,913455.25
2012-08-24,8,936373.65,912854.4
2012-08-31,8,976137.73,912056.75
2012-09-07,8,932160.37,900335.2
2012-09-14,8,883569.38,905275.25
2012-09-21,8,857796.45,850394.94
2012-09-28,8,884724.41,850947.7
2012-10-05,8,976436.02,981423.6
2012-10-12,8,927511.99,909799.06
2012-10-19,8,900309.75,943148.3
2012-10-26,8,891671.44,912236.0
2012-05-04,9,586289.08,560548.1
2012-05-11,9,592572.3,584771.1
2012-05-18,9,571463.93,564455.75
2012-05-25,9,547226.0,568349.8
2012-06-01,9,583648.59,602135.8
2012-06-08,9,582525.42,571428.9
2012-06-15,9,564606.1,588732.75
2012-06-22,9,562173.12,560162.7
2012-06-29,9,544770.7,565974.7
2012-07-06,9,578790.36,573825.44
2012-07-13,9,536537.64,554724.0
2012-07-20,9,513991.57,531494.9
2012-07-27,9,495951.0,498046.16
2012-08-03,9,533887.54,561222.9
2012-08-10,9,538713.47,561162.8
2012-08-17,9,535153.47,581764.0
2012-08-24,9,572887.78,569904.25
2012-08-31,9,576879.15,582943.94
2012-09-07,9,565812.29,574839.56
2012-09-14,9,523427.35,553978.1
2012-09-21,9,533756.88,547907.6
2012-09-28,9,516361.06,547273.44
2012-10-05,9,606755.3,586708.6
2012-10-12,9,558464.8,572372.2
2012-10-19,9,542009.46,604157.56
2012-10-26,9,549731.49,589924.8
2012-05-04,10,1821364.42,1.7610045e+06
2012-05-11,10,1792345.3,1.6953592e+06
2012-05-18,10,1795152.73,1.7487498e+06
2012-05-25,10,1830939.1,1.7446535e+06
2012-06-01,10,1767471.48,1.7929756e+06
2012-06-08,10,1840491.41,1.7451705e+06
2012-06-15,10,1811562.88,1.7961709e+06
2012-06-22,10,1755334.18,1.7267939e+06
2012-06-29,10,1707481.9,1.7398789e+06
2012-07-06,10,1805999.79,1.7281199e+06
2012-07-13,10,1765571.91,1.7636636e+06
2012-07-20,10,1869967.03,1.7522204e+06
2012-07-27,10,1817603.66,1.7548914e+06
2012-08-03,10,1939440.09,1.8960615e+06
2012-08-10,10,1880436.94,1.9278499e+06
2012-08-17,10,1827797.4,1.9460672e+06
2012-08-24,10,1764984.15,1.7652716e+06
2012-08-31,10,1650285.54,1.7739536e+06
2012-09-07,10,1708283.28,1.6391644e+06
2012-09-14,10,1640168.99,1.665819e+06
2012-09-21,10,1671857.57,1.6502016e+06
2012-09-28,10,1694862.41,1.6193661e+06
2012-10-05,10,1758971.38,1.8125405e+06
2012-10-12,10,1713889.11,1.7055876e+06
2012-10-19,10,1734834.82,1.7340621e+06
2012-10-26,10,1744349.05,1.7497124e+06
2012-05-04,11,1370251.22,1.3195065e+06
2012-05-11,11,1300147.07,1.3215102e+06
2012-05-18,11,1352442.31,1.26731e+06
2012-05-25,11,1297335.87,1.2740299e+06
2012-06-01,11,1361595.33,1.3630728e+06
2012-06-08,11,1414343.53,1.3550204e+06
2012-06-15,11,1417875.42,1.38662e+06
2012-06-22,11,1355680.3,1.313249e+06
2012-06-29,11,1297028.6,1.3368192e+06
2012-07-06,11,1461129.94,1.3402318e+06
2012-07-13,11,1320239.51,1.3134945e+06
2012-07-20,11,1344483.81,1.3099074e+06
2012-07-27,11,1272395.02,1.274559e+06
2012-08-03,11,1399341.07,1.3954348e+06
2012-08-10,11,1388973.65,1.378265e+06
2012-08-17,11,1421307.2,1.5279755e+06
2012-08-24,11,1409515.73,1.3451338e+06
2012-08-31,11,1372872.35,1.3567286e+06
2012-09-07,11,1304584.4,1.3258854e+06
2012-09-14,11,1267675.05,1.304718e+06
2012-09-21,11,1326132.98,1.2743609e+06
2012-09-28,11,1227430.73,1.2615236e+06
2012-10-05,11,1422794.26,1.4099244e+06
2012-10-12,11,1311965.09,1.3373418e+06
2012-10-19,11,1232073.18,1.3736605e+06
2012-10-26,11,1200729.45,1.3545865e+06
2012-05-04,12,1073433.69,1.0458476e+06
2012-05-11,12,1041995.22,1.005038e+06
2012-05-18,12,1020486.05,972489.5
2012-05-25,12,991514.21,977955.94
2012-06-01,12,981345.2,993042.56
2012-06-08,12,1086231.47,1.0099076e+06
2012-06-15,12,1019555.51,1.00128406e+06
2012-06-22,12,981386.25,1.0044975e+06
2012-06-29,12,943124.74,967589.6
2012-07-06,12,1014898.78,968451.7
2012-07-13,12,960312.75,968489.4
2012-07-20,12,941550.34,962205.7
2012-07-27,12,916967.92,929339.44
2012-08-03,12,958667.23,969445.8
2012-08-10,12,984689.9,964346.4
2012-08-17,12,1005003.12,963664.9
2012-08-24,12,1048101.39,1.0213231e+06
2012-08-31,12,1061943.49,1.0254516e+06
2012-09-07,12,955146.04,980872.5
2012-09-14,12,885892.37,929205.5
2012-09-21,12,922735.37,893616.4
2012-09-28,12,880415.67,877546.8
2012-10-05,12,979825.92,978670.06
2012-10-12,12,934917.47,946847.94
2012-10-19,12,960945.43,962574.75
2012-10-26,12,974697.6,998519.1
2012-05-04,13,1995994.51,1.9848775e+06
2012-05-11,13,2080764.17,2.0054252e+06
2012-05-18,13,2131900.55,2.0096628e+06
2012-05-25,13,2043349.41,1.9806996e+06
2012-06-01,13,2035431.39,2.0230852e+06
2012-06-08,13,2182437.9,2.1066728e+06
2012-06-15,13,2152229.11,2.1334682e+06
2012-06-22,13,2094373.0,2.1297248e+06
2012-06-29,13,2037663.71,2.1360572e+06
2012-07-06,13,2184980.35,2.0981875e+06
2012-07-13,13,2002750.99,2.0514541e+06
2012-07-20,13,2053089.32,2.0384949e+06
2012-07-27,13,1914430.53,2.0244704e+06
2012-08-03,13,2044148.23,2.1403158e+06
2012-08-10,13,2041019.92,2.0737981e+06
2012-08-17,13,2095769.18,2.153518e+06
2012-08-24,13,2059458.25,2.1151458e+06
2012-08-31,13,2073855.42,2.0426016e+06
2012-09-07,13,2165796.31,2.0617904e+06
2012-09-14,13,1919917.03,2.0548739e+06
2012-09-21,13,1938379.66,1.9628561e+06
2012-09-28,13,1927664.11,1.9637448e+06
2012-10-05,13,2041918.74,2.1399032e+06
2012-10-12,13,1999079.44,2.0727348e+06
2012-10-19,13,2018010.15,2.0719309e+06
2012-10-26,13,2035189.66,2.0749375e+06
2012-05-04,14,1949354.29,1.9471355e+06
2012-05-11,14,1987531.05,1.941079e+06
2012-05-18,14,1932233.17,1.8946056e+06
2012-05-25,14,2030869.61,1.9887859e+06
2012-06-01,14,2049485.49,2.0330204e+06
2012-06-08,14,2099615.88,2.030665e+06
2012-06-15,14,1905733.68,1.9893952e+06
2012-06-22,14,1660228.88,1.9731839e+06
2012-06-29,14,1591835.02,1.9020222e+06
2012-07-06,14,1862128.95,1.8575676e+06
2012-07-13,14,1544422.35,1.8243861e+06
2012-07-20,14,1553250.16,1.7156984e+06
2012-07-27,14,1479514.66,1.6968484e+06
2012-08-03,14,1656886.46,1.8035739e+06
2012-08-10,14,1648570.03,1.7530548e+06
2012-08-17,14,1660433.3,1.7445125e+06
2012-08-24,14,1621841.33,1.9842916e+06
2012-08-31,14,1613342.19,1.698543e+06
2012-09-07,14,1904512.34,1.917005e+06
2012-09-14,14,1554794.22,1.764931e+06
2012-09-21,14,1565352.46,1.7255439e+06
2012-09-28,14,1522512.2,1.6506465e+06
2012-10-05,14,1687592.16,1.8908955e+06
2012-10-12,14,1639585.61,1.7728355e+06
2012-10-19,14,1590274.72,1.844443e+06
2012-10-26,14,1704357.62,1.9017059e+06
2012-05-04,15,577868.38,589282.2
2012-05-11,15,579539.95,582822.06
2012-05-18,15,600050.98,581741.1
2012-05-25,15,693780.42,596075.3
2012-06-01,15,663971.26,654651.1
2012-06-08,15,611390.67,637566.7
2012-06-15,15,636737.65,620852.0
2012-06-22,15,687085.6,638215.7
2012-06-29,15,624099.48,676157.2
2012-07-06,15,678024.75,625138.3
2012-07-13,15,591335.5,626087.6
2012-07-20,15,592369.22,606337.0
2012-07-27,15,571190.83,587670.8
2012-08-03,15,590739.62,587947.1
2012-08-10,15,590453.63,591390.1
2012-08-17,15,579738.2,591096.0
2012-08-24,15,606210.77,614401.25
2012-08-31,15,610185.32,607560.3
2012-09-07,15,587259.82,617422.9
2012-09-14,15,527509.76,563458.94
2012-09-21,15,533161.64,534511.06
2012-09-28,15,553901.97,517760.3
2012-10-05,15,573498.64,584737.25
2012-10-12,15,551799.63,536987.6
2012-10-19,15,555652.77,595461.44
2012-10-26,15,558473.6,600801.06
2012-05-04,16,426959.62,428856.72
2012-05-11,16,479855.0,425361.8
2012-05-18,16,493506.47,437558.38
2012-05-25,16,518045.09,446093.38
2012-06-01,16,532311.93,542613.75
2012-06-08,16,603618.89,591535.44
2012-06-15,16,570045.79,599919.25
2012-06-22,16,581745.72,585073.75
2012-06-29,16,570162.28,603855.1
2012-07-06,16,641763.53,626512.56
2012-07-13,16,569005.06,591816.4
2012-07-20,16,565297.54,579442.06
2012-07-27,16,539337.87,582276.0
2012-08-03,16,584000.71,596721.1
2012-08-10,16,554036.84,590082.06
2012-08-17,16,521896.6,581725.44
2012-08-24,16,551152.15,581893.6
2012-08-31,16,551837.31,588737.56
2012-09-07,16,537138.58,604993.3
2012-09-14,16,526525.16,556098.7
2012-09-21,16,509942.56,529058.4
2012-09-28,16,469607.73,489296.84
2012-10-05,16,471281.68,512209.72
2012-10-12,16,491817.19,508285.03
2012-10-19,16,577198.97,581392.1
2012-10-26,16,475770.14,553908.9
2012-05-04,17,930121.14,930968.75
2012-05-11,17,944100.3,912929.4
2012-05-18,17,968816.33,895168.2
2012-05-25,17,984881.59,934053.8
2012-06-01,17,938914.28,946938.8
2012-06-08,17,987990.24,933562.9
2012-06-15,17,964169.67,941546.4
2012-06-22,17,981210.57,962017.6
2012-06-29,17,982322.24,973263.8
2012-07-06,17,1046782.52,944656.06
2012-07-13,17,960746.04,946158.5
2012-07-20,17,944698.7,937432.2
2012-07-27,17,907493.24,921921.75
2012-08-03,17,877813.33,913727.06
2012-08-10,17,849074.04,863491.75
2012-08-17,17,844928.17,862323.6
2012-08-24,17,924299.78,891704.6
2012-08-31,17,865924.2,882966.3
2012-09-07,17,1255633.29,1.1137232e+06
2012-09-14,17,1071040.22,1.01765394e+06
2012-09-21,17,938303.28,944327.06
2012-09-28,17,972716.24,901886.0
2012-10-05,17,952609.17,999620.0
2012-10-12,17,919878.34,939530.8
2012-10-19,17,957356.84,936486.4
2012-10-26,17,943465.29,1.00121794e+06
2012-05-04,18,1050027.89,1.0300936e+06
2012-05-11,18,1060433.1,1.0048082e+06
2012-05-18,18,1047444.59,1.0011197e+06
2012-05-25,18,1088446.58,1.04199875e+06
2012-06-01,18,1118313.7,1.0738035e+06
2012-06-08,18,1110479.94,1.04142606e+06
2012-06-15,18,1057425.83,1.050651e+06
2012-06-22,18,1080357.89,1.0641019e+06
2012-06-29,18,1097006.3,1.0773035e+06
2012-07-06,18,1158247.31,1.03863875e+06
2012-07-13,18,1024784.92,999066.2
2012-07-20,18,1033543.56,1.0301434e+06
2012-07-27,18,924506.26,984256.8
2012-08-03,18,1052066.58,983951.25
2012-08-10,18,967304.07,966048.25
2012-08-17,18,1048134.24,969662.94
2012-08-24,18,1145840.91,1.0631878e+06
2012-08-31,18,1117097.23,677466.94
2012-09-07,18,1083521.24,984443.75
2012-09-14,18,960476.1,892733.44
2012-09-21,18,971386.65,885173.5
2012-09-28,18,1002856.2,870164.06
2012-10-05,18,1092204.79,1.076035e+06
2012-10-12,18,1074079.0,987382.25
2012-10-19,18,1048706.75,1.0723778e+06
2012-10-26,18,1127516.25,1.089542e+06
2012-05-04,19,1405007.44,1.367648e+06
2012-05-11,19,1442873.22,1.3859098e+06
2012-05-18,19,1366937.1,1.3506455e+06
2012-05-25,19,1485540.28,1.357501e+06
2012-06-01,19,1450733.29,1.4300635e+06
2012-06-08,19,1390122.11,1.4525019e+06
2012-06-15,19,1440263.15,1.3813404e+06
2012-06-22,19,1468350.36,1.4366979e+06
2012-06-29,19,1379652.65,1.4563684e+06
2012-07-06,19,1557120.44,1.4286032e+06
2012-07-13,19,1321741.35,1.3920971e+06
2012-07-20,19,1317672.92,1.3717335e+06
2012-07-27,19,1248915.43,1.3017172e+06
2012-08-03,19,1342123.78,1.3698596e+06
2012-08-10,19,1408907.89,1.3718179e+06
2012-08-17,19,1375101.26,1.3920695e+06
2012-08-24,19,1544653.37,1.4865519e+06
2012-08-31,19,1542719.87,1.5246971e+06
2012-09-07,19,1497073.82,1.5169571e+06
2012-09-14,19,1370653.41,1.3636668e+06
2012-09-21,19,1338572.29,1.2872212e+06
2012-09-28,19,1338299.02,1.3206976e+06
2012-10-05,19,1408016.1,1.4583184e+06
2012-10-12,19,1352809.5,1.3760738e+06
2012-10-19,19,1321102.35,1.3979915e+06
2012-10-26,19,1322117.96,1.4133404e+06
2012-05-04,20,2163510.89,2.0132909e+06
2012-05-11,20,2168097.11,2.0409941e+06
2012-05-18,20,2039222.26,1.9905182e+06
2012-05-25,20,2114989.0,1.975244e+06
2012-06-01,20,2143126.59,2.1540125e+06
2012-06-08,20,2231962.13,2.1472972e+06
2012-06-15,20,2165160.29,2.066924e+06
2012-06-22,20,2060588.69,2.0104792e+06
2012-06-29,20,2055952.61,2.0712058e+06
2012-07-06,20,2358055.3,2.0934194e+06
2012-07-13,20,2134680.12,1.9615748e+06
2012-07-20,20,1970170.29,1.9835061e+06
2012-07-27,20,1911559.1,1.8913316e+06
2012-08-03,20,2094515.71,2.0978268e+06
2012-08-10,20,2144245.39,2.0823276e+06
2012-08-17,20,2045061.22,2.0142458e+06
2012-08-24,20,2005341.43,1.9871501e+06
2012-08-31,20,2062481.56,2.0954184e+06
2012-09-07,20,2080529.06,2.0685319e+06
2012-09-14,20,2047949.98,2.006747e+06
2012-09-21,20,2028587.24,1.9484192e+06
2012-09-28,20,2008350.58,1.9389244e+06
2012-10-05,20,2246411.89,2.1126315e+06
2012-10-12,20,2162951.36,2.0254142e+06
2012-10-19,20,1999363.49,2.1165262e+06
2012-10-26,20,2031650.55,2.0835714e+06
2012-05-04,21,697645.32,676120.75
2012-05-11,21,649945.54,726023.94
2012-05-18,21,700554.16,686531.7
2012-05-25,21,722891.24,710552.5
2012-06-01,21,695439.83,734794.0
2012-06-08,21,707895.72,712925.8
2012-06-15,21,727049.04,720942.2
2012-06-22,21,735870.0,711201.1
2012-06-29,21,716341.39,733171.44
2012-07-06,21,693013.59,711139.25
2012-07-13,21,668132.36,708588.4
2012-07-20,21,691200.33,692858.4
2012-07-27,21,677789.14,705721.8
2012-08-03,21,693785.85,709560.75
2012-08-10,21,700272.01,710917.8
2012-08-17,21,751963.81,777081.25
2012-08-24,21,802003.61,738945.5
2012-08-31,21,763867.59,717979.7
2012-09-07,21,642827.29,697157.25
2012-09-14,21,628494.63,648412.0
2012-09-21,21,667151.46,647826.56
2012-09-28,21,647097.65,630105.6
2012-10-05,21,651768.91,671802.25
2012-10-12,21,653043.44,658030.0
2012-10-19,21,641368.14,725738.06
2012-10-26,21,675202.87,729322.8
2012-05-04,22,1005083.31,1.0120922e+06
2012-05-11,22,997868.63,1.01321225e+06
2012-05-18,22,986612.02,992829.25
2012-05-25,22,1047297.38,1.02043544e+06
2012-06-01,22,1102857.37,1.0780434e+06
2012-06-08,22,1061134.37,1.0561784e+06
2012-06-15,22,1061219.19,1.0395325e+06
2012-06-22,22,1112449.3,1.04137675e+06
2012-06-29,22,1053881.78,1.0748182e+06
2012-07-06,22,1097786.14,1.0170025e+06
2012-07-13,22,971361.38,982299.7
2012-07-20,22,991969.37,976799.7
2012-07-27,22,925731.21,968388.2
2012-08-03,22,1007257.83,971093.4
2012-08-10,22,973812.79,1.00402656e+06
2012-08-17,22,981273.26,982831.6
2012-08-24,22,1060906.75,1.0810494e+06
2012-08-31,22,1022270.86,947304.0
2012-09-07,22,996628.8,1.0276529e+06
2012-09-14,22,918049.28,952686.94
2012-09-21,22,921612.53,909092.75
2012-09-28,22,976479.51,943416.94
2012-10-05,22,1009887.36,1.0343458e+06
2012-10-12,22,1004039.84,989626.6
2012-10-19,22,978027.95,1.0310463e+06
2012-10-26,22,1094422.69,1.1069872e+06
2012-05-04,23,1317379.68,1.3623459e+06
2012-05-11,23,1321914.34,1.3048158e+06
2012-05-18,23,1332952.47,1.3592578e+06
2012-05-25,23,1552934.64,1.3417058e+06
2012-06-01,23,1476144.34,1.5172801e+06
2012-06-08,23,1568048.54,1.421684e+06
2012-06-15,23,1543667.68,1.4812805e+06
2012-06-22,23,1522042.57,1.4614221e+06
2012-06-29,23,1451782.16,1.5222781e+06
2012-07-06,23,1545370.16,1.4158354e+06
2012-07-13,23,1384921.63,1.4138018e+06
2012-07-20,23,1381339.23,1.4021824e+06
2012-07-27,23,1322932.36,1.3763135e+06
2012-08-03,23,1416926.31,1.4133135e+06
2012-08-10,23,1436311.76,1.4278315e+06
2012-08-17,23,1510131.45,1.4519101e+06
2012-08-24,23,1702220.96,1.5842352e+06
2012-08-31,23,1577468.78,1.5070025e+06
2012-09-07,23,1427162.26,1.5169132e+06
2012-09-14,23,1279041.64,1.3127566e+06
2012-09-21,23,1338627.55,1.2956515e+06
2012-09-28,23,1319035.06,1.2921966e+06
2012-10-05,23,1464616.59,1.4827625e+06
2012-10-12,23,1412925.25,1.3496792e+06
2012-10-19,23,1363155.77,1.4612e+06
2012-10-26,23,1347454.59,1.4209652e+06
2012-05-04,24,1306551.71,1.3130349e+06
2012-05-11,24,1355391.79,1.297494e+06
2012-05-18,24,1298809.8,1.2491858e+06
2012-05-25,24,1407897.57,1.2824001e+06
2012-06-01,24,1467722.19,1.5069935e+06
2012-06-08,24,1406313.13,1.3688519e+06
2012-06-15,24,1364445.98,1.341522e+06
2012-06-22,24,1434709.63,1.3153786e+06
2012-06-29,24,1428869.9,1.4287661e+06
2012-07-06,24,1645097.75,1.4851635e+06
2012-07-13,24,1405475.78,1.35578e+06
2012-07-20,24,1394299.0,1.3698792e+06
2012-07-27,24,1307339.14,1.2971822e+06
2012-08-03,24,1440374.13,1.3759615e+06
2012-08-10,24,1497054.81,1.4006452e+06
2012-08-17,24,1397970.54,1.3797869e+06
2012-08-24,24,1303726.54,1.3760165e+06
2012-08-31,24,1344558.92,1.2178509e+06
2012-09-07,24,1477134.75,1.490821e+06
2012-09-14,24,1242909.53,1.2645444e+06
2012-09-21,24,1261158.47,1.233745e+06
2012-09-28,24,1259278.36,1.2548605e+06
2012-10-05,24,1416720.54,1.4057389e+06
2012-10-12,24,1416301.17,1.3605846e+06
2012-10-19,24,1255414.84,1.353363e+06
2012-10-26,24,1307182.29,1.3377244e+06
2012-05-04,25,696421.72,656379.56
2012-05-11,25,739866.16,699318.0
2012-05-18,25,717207.19,706086.75
2012-05-25,25,783371.02,709906.4
2012-06-01,25,694765.95,741454.8
2012-06-08,25,730254.19,715663.94
2012-06-15,25,753860.89,718740.56
2012-06-22,25,721601.9,713134.2
2012-06-29,25,718890.81,735064.8
2012-07-06,25,753385.55,716197.8
2012-07-13,25,714093.95,701822.5
2012-07-20,25,685676.58,694114.2
2012-07-27,25,659109.53,689990.4
2012-08-03,25,709724.6,665064.75
2012-08-10,25,710496.97,687320.75
2012-08-17,25,728467.72,697784.75
2012-08-24,25,756527.64,744720.75
2012-08-31,25,714828.73,708675.06
2012-09-07,25,671482.9,691842.75
2012-09-14,25,657241.63,625287.06
2012-09-21,25,664745.2,618745.1
2012-09-28,25,683300.84,635431.06
2012-10-05,25,699536.73,695380.75
2012-10-12,25,697317.41,665597.25
2012-10-19,25,685531.85,704636.94
2012-10-26,25,688940.94,727787.2
2012-05-04,26,946573.29,989018.56
2012-05-11,26,1062548.73,964197.7
2012-05-18,26,978082.84,963144.75
2012-05-25,26,1067310.74,992532.0
2012-06-01,26,1015853.03,1.0641875e+06
2012-06-08,26,1106176.83,1.0551e+06
2012-06-15,26,1029248.22,1.0037475e+06
2012-06-22,26,1056282.91,1.01793344e+06
2012-06-29,26,1051190.44,1.0719358e+06
2012-07-06,26,1180470.8,1.0827039e+06
2012-07-13,26,1063149.78,1.0334884e+06
2012-07-20,26,1049625.9,1.0593191e+06
2012-07-27,26,1031745.14,1.049656e+06
2012-08-03,26,1090915.09,1.1014778e+06
2012-08-10,26,1121476.51,1.0739411e+06
2012-08-17,26,1068292.56,1.0646151e+06
2012-08-24,26,1022704.2,1.1149324e+06
2012-08-31,26,1053495.51,1.04581106e+06
2012-09-07,26,1081874.03,1.0839475e+06
2012-09-14,26,986131.94,979683.06
2012-09-21,26,961084.08,948864.2
2012-09-28,26,964726.37,953953.75
2012-10-05,26,1095504.26,1.1244395e+06
2012-10-12,26,1044639.69,994032.94
2012-10-19,26,975578.02,1.03605456e+06
2012-10-26,26,958619.8,1.02805206e+06
2012-05-04,27,1669388.45,1.6516759e+06
2012-05-11,27,1674306.31,1.668847e+06
2012-05-18,27,1707158.82,1.6470792e+06
2012-05-25,27,1818906.73,1.7118244e+06
2012-06-01,27,1900638.6,1.8769606e+06
2012-06-08,27,1764756.31,1.7862556e+06
2012-06-15,27,1773500.56,1.7618464e+06
2012-06-22,27,1837884.79,1.7514914e+06
2012-06-29,27,1842555.32,1.8398629e+06
2012-07-06,27,2062224.92,1.8697222e+06
2012-07-13,27,1755889.53,1.727051e+06
2012-07-20,27,1730913.66,1.7230152e+06
2012-07-27,27,1625883.71,1.685595e+06
2012-08-03,27,1705810.84,1.6904339e+06
2012-08-10,27,1720537.26,1.7198686e+06
2012-08-17,27,1735339.59,1.6957931e+06
2012-08-24,27,1780443.36,1.905369e+06
2012-08-31,27,1731935.43,1.6303286e+06
2012-09-07,27,1840955.23,1.7801124e+06
2012-09-14,27,1519604.5,1.6552805e+06
2012-09-21,27,1557485.75,1.5681001e+06
2012-09-28,27,1540687.63,1.5068196e+06
2012-10-05,27,1591816.88,1.6274461e+06
2012-10-12,27,1660081.29,1.654068e+06
2012-10-19,27,1620374.24,1.6668048e+06
2012-10-26,27,1703047.74,1.6854175e+06
2012-05-04,28,1450628.85,1.3932165e+06
2012-05-11,28,1264575.18,1.2518019e+06
2012-05-18,28,1213310.45,1.1678158e+06
2012-05-25,28,1151214.41,1.167146e+06
2012-06-01,28,1245480.95,1.3544819e+06
2012-06-08,28,1440687.69,1.3943768e+06
2012-06-15,28,1229760.97,1.2704195e+06
2012-06-22,28,1180671.55,1.1937538e+06
2012-06-29,28,1129031.98,1.3339249e+06
2012-07-06,28,1500863.54,1.4281376e+06
2012-07-13,28,1179915.04,1.206402e+06
2012-07-20,28,1149427.48,1.1744689e+06
2012-07-27,28,1135035.09,1.1299686e+06
2012-08-03,28,1376520.1,1.457356e+06
2012-08-10,28,1269113.41,1.239808e+06
2012-08-17,28,1184198.41,1.2063084e+06
2012-08-24,28,1199309.59,1.1787748e+06
2012-08-31,28,1227118.75,1.3946725e+06
2012-09-07,28,1469693.99,1.3828589e+06
2012-09-14,28,1124660.77,1.2075666e+06
2012-09-21,28,1135340.19,1.1164432e+06
2012-09-28,28,1129508.61,1.131067e+06
2012-10-05,28,1462941.03,1.4821582e+06
2012-10-12,28,1205536.71,1.213707e+06
2012-10-19,28,1143724.48,1.2020185e+06
2012-10-26,28,1213860.61,1.2357468e+06
2012-05-04,29,504963.84,528476.3
2012-05-11,29,529707.87,547422.5
2012-05-18,29,543706.04,500093.38
2012-05-25,29,549665.67,551090.1
2012-06-01,29,576252.35,590401.56
2012-06-08,29,554093.15,559449.44
2012-06-15,29,552338.76,542211.25
2012-06-22,29,581854.5,547433.25
2012-06-29,29,555954.13,576248.25
2012-07-06,29,578832.41,550490.75
2012-07-13,29,514709.76,513483.97
2012-07-20,29,506705.36,505373.53
2012-07-27,29,475158.24,469947.3
2012-08-03,29,504754.74,503033.28
2012-08-10,29,518628.42,463021.28
2012-08-17,29,416881.66,502208.28
2012-08-24,29,615026.15,557895.0
2012-08-31,29,545844.91,515656.62
2012-09-07,29,540811.85,524366.6
2012-09-14,29,475127.18,465656.56
2012-09-21,29,489079.23,455885.56
2012-09-28,29,489674.23,456967.8
2012-10-05,29,520632.8,515704.62
2012-10-12,29,513737.0,473230.97
2012-10-19,29,516909.24,528645.25
2012-10-26,29,534970.68,527965.7
2012-05-04,30,454477.54,430523.62
2012-05-11,30,436070.45,430367.88
2012-05-18,30,460945.14,421758.16
2012-05-25,30,449355.91,420792.3
2012-06-01,30,427021.18,424303.62
2012-06-08,30,437222.94,421879.62
2012-06-15,30,438523.24,423982.9
2012-06-22,30,428554.63,421713.8
2012-06-29,30,423192.4,421132.72
2012-07-06,30,440553.42,422227.9
2012-07-13,30,417640.34,416571.03
2012-07-20,30,427491.04,423175.38
2012-07-27,30,424581.17,421418.28
2012-08-03,30,425136.55,423314.75
2012-08-10,30,430878.28,425185.1
2012-08-17,30,423351.15,423308.0
2012-08-24,30,425296.65,421370.75
2012-08-31,30,439132.5,403983.2
2012-09-07,30,433565.77,409096.2
2012-09-14,30,437773.31,418165.7
2012-09-21,30,443891.64,423083.47
2012-09-28,30,425410.04,415569.9
2012-10-05,30,446751.45,441863.1
2012-10-12,30,434593.26,428298.0
2012-10-19,30,437537.29,435931.0
2012-10-26,30,439424.5,441097.0
2012-05-04,31,1391257.28,1.3741032e+06
2012-05-11,31,1392938.06,1.3993978e+06
2012-05-18,31,1441473.82,1.3922728e+06
2012-05-25,31,1397094.26,1.383279e+06
2012-06-01,31,1404516.29,1.4317968e+06
2012-06-08,31,1443285.79,1.4317269e+06
2012-06-15,31,1431003.43,1.5003405e+06
2012-06-22,31,1394065.76,1.417619e+06
2012-06-29,31,1349202.25,1.4079661e+06
2012-07-06,31,1458059.42,1.4206065e+06
2012-07-13,31,1374301.34,1.4217345e+06
2012-07-20,31,1392395.2,1.4029168e+06
2012-07-27,31,1303732.36,1.3646684e+06
2012-08-03,31,1390174.63,1.4344185e+06
2012-08-10,31,1386472.59,1.4623944e+06
2012-08-17,31,1410181.7,1.4985735e+06
2012-08-24,31,1379783.21,1.4378575e+06
2012-08-31,31,1373651.49,1.419825e+06
2012-09-07,31,1358111.62,1.4217001e+06
2012-09-14,31,1327705.44,1.356488e+06
2012-09-21,31,1373064.87,1.3661142e+06
2012-09-28,31,1279080.58,1.3421489e+06
2012-10-05,31,1363365.05,1.479575e+06
2012-10-12,31,1401113.42,1.3982539e+06
2012-10-19,31,1378730.45,1.4309832e+06
2012-10-26,31,1340232.55,1.417076e+06
2012-05-04,32,1187384.53,1.1786268e+06
2012-05-11,32,1187051.07,1.1647975e+06
2012-05-18,32,1177539.71,1.1791638e+06
2012-05-25,32,1232784.22,1.1818006e+06
2012-06-01,32,1157557.79,1.2033292e+06
2012-06-08,32,1246322.44,1.2243341e+06
2012-06-15,32,1234759.54,1.2170829e+06
2012-06-22,32,1196880.11,1.2133592e+06
2012-06-29,32,1178211.81,1.2066555e+06
2012-07-06,32,1214183.97,1.1650722e+06
2012-07-13,32,1141184.66,1.2049788e+06
2012-07-20,32,1167829.33,1.1899559e+06
2012-07-27,32,1144901.52,1.1747735e+06
2012-08-03,32,1183571.35,1.1937815e+06
2012-08-10,32,1227469.2,1.2167444e+06
2012-08-17,32,1261306.37,1.2284674e+06
2012-08-24,32,1272809.11,1.2287992e+06
2012-08-31,32,1183979.27,1.2218309e+06
2012-09-07,32,1126685.95,1.1836312e+06
2012-09-14,32,1156377.47,1.1767352e+06
2012-09-21,32,1159119.6,1.1286868e+06
2012-09-28,32,1157111.15,1.1399049e+06
2012-10-05,32,1202775.24,1.2425559e+06
2012-10-12,32,1176681.31,1.2285288e+06
2012-10-19,32,1199292.06,1.2315908e+06
2012-10-26,32,1219979.29,1.2332001e+06
2012-05-04,33,270497.51,266147.38
2012-05-11,33,295841.84,273007.2
2012-05-18,33,276899.95,247397.36
2012-05-25,33,261851.74,247866.05
2012-06-01,33,261131.09,270916.38
2012-06-08,33,286082.76,281446.22
2012-06-15,33,290444.31,262407.94
2012-06-22,33,261666.29,254573.1
2012-06-29,33,244338.31,249864.77
2012-07-06,33,273690.37,270394.12
2012-07-13,33,287033.64,261661.88
2012-07-20,33,253205.89,250843.05
2012-07-27,33,249134.32,248519.02
2012-08-03,33,258533.12,250767.64
2012-08-10,33,297753.49,265083.38
2012-08-17,33,270097.76,255388.06
2012-08-24,33,247672.56,257089.88
2012-08-31,33,237129.81,249888.3
2012-09-07,33,286428.78,277469.5
2012-09-14,33,277417.53,267558.16
2012-09-21,33,252709.58,255936.23
2012-09-28,33,242813.51,253747.4
2012-10-05,33,265444.9,280223.9
2012-10-12,33,291781.15,257517.69
2012-10-19,33,254412.34,251440.73
2012-10-26,33,253731.13,249332.78
2012-05-04,34,991104.4,961310.8
2012-05-11,34,949625.52,970637.6
2012-05-18,34,998672.85,961312.94
2012-05-25,34,1015737.61,954190.4
2012-06-01,34,977062.44,981071.75
2012-06-08,34,999511.29,967402.0
2012-06-15,34,982345.51,983686.2
2012-06-22,34,1000285.1,959345.2
2012-06-29,34,942970.63,940187.25
2012-07-06,34,1007867.68,957081.25
2012-07-13,34,954677.75,933362.6
2012-07-20,34,950929.59,933494.2
2012-07-27,34,917883.79,888014.2
2012-08-03,34,973250.41,940200.0
2012-08-10,34,1004523.59,960529.4
2012-08-17,34,1013820.86,964392.56
2012-08-24,34,926250.21,947084.3
2012-08-31,34,933487.71,942762.9
2012-09-07,34,976415.56,958244.9
2012-09-14,34,955211.7,945288.06
2012-09-21,34,943047.78,925271.75
2012-09-28,34,928629.31,888932.9
2012-10-05,34,968896.68,980629.8
2012-10-12,34,948613.39,927569.8
2012-10-19,34,963516.28,978391.4
2012-10-26,34,956987.81,969505.75
2012-05-04,35,772036.6,774937.75
2012-05-11,35,802383.63,771297.8
2012-05-18,35,819196.68,749139.8
2012-05-25,35,822167.17,783725.6
2012-06-01,35,932195.52,862178.6
2012-06-08,35,873415.01,837873.75
2012-06-15,35,848289.41,826737.4
2012-06-22,35,911696.0,823040.75
2012-06-29,35,892133.41,862032.94
2012-07-06,35,985479.64,821242.75
2012-07-13,35,825763.48,836371.6
2012-07-20,35,841224.74,826799.06
2012-07-27,35,808030.15,785592.6
2012-08-03,35,866216.36,801201.2
2012-08-10,35,888368.8,815232.9
2012-08-17,35,887979.47,823876.3
2012-08-24,35,895274.72,884865.5
2012-08-31,35,931278.97,820092.2
2012-09-07,35,984833.35,920812.6
2012-09-14,35,821568.64,812191.8
2012-09-21,35,772302.94,746927.06
2012-09-28,35,814099.86,753971.06
2012-10-05,35,866064.4,802899.94
2012-10-12,35,873643.14,785343.94
2012-10-19,35,829284.67,834116.9
2012-10-26,35,865137.6,844909.6
2012-05-04,36,312467.52,329682.84
2012-05-11,36,330518.34,317427.2
2012-05-18,36,324801.13,317224.97
2012-05-25,36,306098.17,304581.8
2012-06-01,36,306005.53,315870.5
2012-06-08,36,338273.38,314945.53
2012-06-15,36,333146.88,334971.97
2012-06-22,36,306411.01,311382.8
2012-06-29,36,291530.43,308368.56
2012-07-06,36,306578.89,309664.3
2012-07-13,36,298337.41,310451.44
2012-07-20,36,303289.55,305308.0
2012-07-27,36,279643.43,306686.56
2012-08-03,36,304989.97,310402.38
2012-08-10,36,298947.51,314291.66
2012-08-17,36,314607.22,309414.75
2012-08-24,36,282545.55,316669.75
2012-08-31,36,282647.48,309303.03
2012-09-07,36,293728.57,310701.6
2012-09-14,36,301893.63,301993.66
2012-09-21,36,293804.45,298337.4
2012-09-28,36,270677.98,299403.53
2012-10-05,36,277137.86,325544.6
2012-10-12,36,300236.85,311666.62
2012-10-19,36,287360.05,320556.97
2012-10-26,36,272489.41,290781.84
2012-05-04,37,535311.64,541079.75
2012-05-11,37,527983.04,527402.25
2012-05-18,37,534847.96,526822.06
2012-05-25,37,540625.79,511350.1
2012-06-01,37,531811.85,520051.8
2012-06-08,37,528940.78,524124.03
2012-06-15,37,508573.16,529230.4
2012-06-22,37,484032.75,521668.53
2012-06-29,37,508309.81,519851.9
2012-07-06,37,519498.32,508916.62
2012-07-13,37,506005.47,513179.6
2012-07-20,37,503744.56,516887.72
2012-07-27,37,514489.17,509494.75
2012-08-03,37,521959.28,518155.16
2012-08-10,37,500964.59,516025.4
2012-08-17,37,509633.71,531154.6
2012-08-24,37,522665.04,528797.56
2012-08-31,37,538344.1,522879.1
2012-09-07,37,526838.14,535988.4
2012-09-14,37,514651.74,521982.7
2012-09-21,37,521320.98,521794.0
2012-09-28,37,527953.14,517864.9
2012-10-05,37,546122.37,546443.2
2012-10-12,37,521810.75,529119.3
2012-10-19,37,551969.1,544273.9
2012-10-26,37,534738.43,535891.9
2012-05-04,38,491755.69,443150.62
2012-05-11,38,429914.6,437552.4
2012-05-18,38,412314.71,410740.16
2012-05-25,38,422810.12,407632.38
2012-06-01,38,435579.7,444942.47
2012-06-08,38,448110.25,454586.3
2012-06-15,38,430222.07,424982.28
2012-06-22,38,405938.35,411785.97
2012-06-29,38,404634.36,439913.0
2012-07-06,38,471086.22,436146.38
2012-07-13,38,416036.75,424929.53
2012-07-20,38,441683.74,412035.3
2012-07-27,38,407186.47,403544.8
2012-08-03,38,469311.17,437580.0
2012-08-10,38,436690.13,451397.38
2012-08-17,38,411866.46,412111.8
2012-08-24,38,397428.22,415600.12
2012-08-31,38,424904.95,428674.2
2012-09-07,38,490274.82,445082.03
2012-09-14,38,430944.39,461941.4
2012-09-21,38,409600.98,439573.97
2012-09-28,38,398468.08,400763.2
2012-10-05,38,458479.01,439886.2
2012-10-12,38,437320.66,441563.1
2012-10-19,38,428806.46,438922.16
2012-10-26,38,417290.38,439740.12
2012-05-04,39,1512227.34,1.4721408e+06
2012-05-11,39,1470792.41,1.4877876e+06
2012-05-18,39,1522978.54,1.4997316e+06
2012-05-25,39,1596036.66,1.5129272e+06
2012-06-01,39,1640476.77,1.5895752e+06
2012-06-08,39,1623442.24,1.5226709e+06
2012-06-15,39,1587499.82,1.5360685e+06
2012-06-22,39,1532316.79,1.5189905e+06
2012-06-29,39,1492388.98,1.5499799e+06
2012-07-06,39,1659221.99,1.5080768e+06
2012-07-13,39,1471261.76,1.5179872e+06
2012-07-20,39,1582168.27,1.5052384e+06
2012-07-27,39,1487797.54,1.5318815e+06
2012-08-03,39,1608277.74,1.5874196e+06
2012-08-10,39,1641867.92,1.614555e+06
2012-08-17,39,1720221.91,1.6871204e+06
2012-08-24,39,1724669.75,1.6288776e+06
2012-08-31,39,1710923.94,1.5868624e+06
2012-09-07,39,1609811.75,1.6107629e+06
2012-09-14,39,1447614.08,1.5278528e+06
2012-09-21,39,1555672.51,1.4659808e+06
2012-09-28,39,1495607.07,1.4638145e+06
2012-10-05,39,1574408.67,1.5757662e+06
2012-10-12,39,1494417.07,1.5124189e+06
2012-10-19,39,1577486.33,1.5756429e+06
2012-10-26,39,1569502.0,1.5950286e+06
2012-05-04,40,993311.59,992380.94
2012-05-11,40,967729.35,931194.9
2012-05-18,40,896295.41,923823.44
2012-05-25,40,991054.49,964095.25
2012-06-01,40,1037464.27,1.0728105e+06
2012-06-08,40,1079386.88,1.0123789e+06
2012-06-15,40,977950.28,983536.25
2012-06-22,40,1033552.18,999056.06
2012-06-29,40,988764.84,1.0609642e+06
2012-07-06,40,1182901.56,1.0270616e+06
2012-07-13,40,979848.71,954441.94
2012-07-20,40,968502.38,1.0121284e+06
2012-07-27,40,954396.85,951863.44
2012-08-03,40,1068346.76,1.0538175e+06
2012-08-10,40,1007906.43,978604.2
2012-08-17,40,969387.48,984550.4
2012-08-24,40,945318.47,1.0126952e+06
2012-08-31,40,987264.67,963528.94
2012-09-07,40,1088248.4,1.070784e+06
2012-09-14,40,901709.82,915913.6
2012-09-21,40,899768.4,889587.44
2012-09-28,40,919595.44,908048.6
2012-10-05,40,1069112.0,1.0892149e+06
2012-10-12,40,982523.26,978666.2
2012-10-19,40,918170.5,1.00629e+06
2012-10-26,40,921264.52,1.00337406e+06
2012-05-04,41,1359770.73,1.2943068e+06
2012-05-11,41,1353285.1,1.3110922e+06
2012-05-18,41,1331514.44,1.2948638e+06
2012-05-25,41,1424500.47,1.322956e+06
2012-06-01,41,1374891.36,1.3681852e+06
2012-06-08,41,1436383.84,1.3870792e+06
2012-06-15,41,1384584.59,1.3729272e+06
2012-06-22,41,1386407.17,1.3419968e+06
2012-06-29,41,1355600.01,1.4149255e+06
2012-07-06,41,1456300.89,1.4000874e+06
2012-07-13,41,1332594.07,1.3350324e+06
2012-07-20,41,1347175.93,1.3498935e+06
2012-07-27,41,1344723.97,1.3231896e+06
2012-08-03,41,1439607.35,1.4353299e+06
2012-08-10,41,1504545.94,1.4443378e+06
2012-08-17,41,1560590.05,1.4926701e+06
2012-08-24,41,1464462.85,1.4770332e+06
2012-08-31,41,1360517.52,1.4081379e+06
2012-09-07,41,1392143.82,1.3984801e+06
2012-09-14,41,1306644.25,1.3296201e+06
2012-09-21,41,1276609.36,1.2800459e+06
2012-09-28,41,1307928.01,1.2695654e+06
2012-10-05,41,1400160.95,1.4076275e+06
2012-10-12,41,1409544.97,1.3376401e+06
2012-10-19,41,1326197.24,1.3682474e+06
2012-10-26,41,1316542.59,1.3985528e+06
2012-05-04,42,609274.89,611446.6
2012-05-11,42,643603.69,621029.6
2012-05-18,42,590636.38,547268.9
2012-05-25,42,535764.58,526737.7
2012-06-01,42,521953.78,574834.44
2012-06-08,42,642671.48,626691.8
2012-06-15,42,606309.13,590008.8
2012-06-22,42,540031.29,534190.75
2012-06-29,42,507403.77,532098.8
2012-07-06,42,618702.09,606545.5
2012-07-13,42,628099.08,616894.25
2012-07-20,42,530318.39,550160.8
2012-07-27,42,516352.21,500538.47
2012-08-03,42,573084.71,589210.5
2012-08-10,42,576620.31,610646.06
2012-08-17,42,575997.78,552940.6
2012-08-24,42,535537.03,542396.6
2012-08-31,42,504760.57,559188.8
2012-09-07,42,617405.35,609699.06
2012-09-14,42,586737.66,599825.06
2012-09-21,42,527165.7,563186.6
2012-09-28,42,505978.46,533113.94
2012-10-05,42,593162.53,633785.8
2012-10-12,42,612379.9,613638.3
2012-10-19,42,541406.98,580386.75
2012-10-26,42,514756.08,535474.25
2012-05-04,43,637964.2,623656.5
2012-05-11,43,640159.04,651037.9
2012-05-18,43,648541.81,629777.06
2012-05-25,43,597406.39,603229.4
2012-06-01,43,605078.62,613410.94
2012-06-08,43,643032.51,621550.56
2012-06-15,43,634815.1,637808.44
2012-06-22,43,613270.79,606934.94
2012-06-29,43,593128.13,603054.4
2012-07-06,43,645618.59,625333.7
2012-07-13,43,627634.04,604955.94
2012-07-20,43,596554.05,599647.75
2012-07-27,43,572447.52,542360.56
2012-08-03,43,614378.94,596738.56
2012-08-10,43,643558.78,612228.5
2012-08-17,43,640210.85,636281.44
2012-08-24,43,598234.64,591279.4
2012-08-31,43,593141.29,606645.5
2012-09-07,43,663814.18,624219.4
2012-09-14,43,625196.94,614797.94
2012-09-21,43,601990.02,592423.94
2012-09-28,43,577792.32,563882.4
2012-10-05,43,642614.89,626682.0
2012-10-12,43,619369.72,592343.2
2012-10-19,43,623919.23,625414.75
2012-10-26,43,587603.55,620794.94
2012-05-04,44,326053.28,323643.0
2012-05-11,44,341381.08,320617.8
2012-05-18,44,334042.43,321568.22
2012-05-25,44,343268.29,323704.0
2012-06-01,44,323410.94,341303.72
2012-06-08,44,340238.38,334987.12
2012-06-15,44,338400.82,332305.44
2012-06-22,44,336241.0,326628.5
2012-06-29,44,338386.08,332301.97
2012-07-06,44,358461.58,331378.0
2012-07-13,44,336479.49,321680.56
2012-07-20,44,337819.16,331529.6
2012-07-27,44,319855.26,315271.12
2012-08-03,44,342385.38,324126.1
2012-08-10,44,333594.81,326734.62
2012-08-17,44,327389.51,327111.62
2012-08-24,44,337985.74,321987.16
2012-08-31,44,339490.69,333083.38
2012-09-07,44,338737.33,336840.2
2012-09-14,44,347726.67,331978.12
2012-09-21,44,336017.6,332222.5
2012-09-28,44,355307.94,326983.44
2012-10-05,44,337390.44,350217.62
2012-10-12,44,337796.13,332437.84
2012-10-19,44,323766.77,338022.8
2012-10-26,44,361067.07,333201.88
2012-05-04,45,782300.68,771007.2
2012-05-11,45,770487.37,760568.0
2012-05-18,45,800842.28,749972.6
2012-05-25,45,817741.17,795075.75
2012-06-01,45,837144.63,832694.94
2012-06-08,45,795133.0,782665.06
2012-06-15,45,821498.18,786778.9
2012-06-22,45,822569.16,777672.2
2012-06-29,45,773367.71,777075.6
2012-07-06,45,843361.1,766373.5
2012-07-13,45,749817.08,768898.2
2012-07-20,45,737613.65,753443.25
2012-07-27,45,711671.58,727255.75
2012-08-03,45,725729.51,758234.3
2012-08-10,45,733037.32,730659.25
2012-08-17,45,722496.93,740630.3
2012-08-24,45,718232.26,823141.5
2012-08-31,45,734297.87,727604.56
2012-09-07,45,766512.66,766540.56
2012-09-14,45,702238.27,730443.06
2012-09-21,45,723086.2,712433.6
2012-09-28,45,713173.95,706245.8
2012-10-05,45,733455.07,761369.8
2012-10-12,45,734464.36,723061.1
2012-10-19,45,718125.53,777826.2
2012-10-26,45,760281.43,764811.2
