Feature,Importance
Lag_52,310768.78
Rolling_Mean_4,91566.195
Lag_1,36039.312
Rolling_Mean_12,27238.977
Lag_2,9959.727
Unemployment,9411.27
WeekOfYear,5301.594
Days_To_Festival,5058.3496
Festival_Proximity,3819.578
Store,3240.049
CPI,3155.9106
YoY_Ratio_Lag1,3136.4595
Trend_Score_Lag1,3114.2695
Rolling_Std_4,2809.7837
Temperature,2334.9812
Fuel_Price,2027.1482
Festival_Score,1629.5151
Sentiment_Score_Lag1,1527.2522
Mention_Count_Lag1,1426.6722
Month,953.7041
Holiday_Flag,741.407
Next_Festival_Score,510.29236
Festival_Flag,168.56062
Pre_Festival_Flag,138.9205
